{"cameraMode":{"drawMode":0,"name":"Shaded","section":"Shading Mode"},"sceneLighting":true,"audioPlay":false,"sceneViewState":{"m_AlwaysRefresh":false,"showFog":true,"showSkybox":true,"showFlares":true,"showImageEffects":true,"showParticleSystems":true,"showVisualEffectGraphs":true,"m_FxEnabled":true},"in2DMode":false,"pivot":{"x":6.707122802734375,"y":-0.7681560516357422,"z":7.174498558044434},"rotation":{"x":0.23396995663642884,"y":0.36914750933647158,"z":-0.09655914455652237,"w":0.8942168951034546},"size":12.977981567382813,"orthographic":true}