{"cameraMode":{"drawMode":0,"name":"Shaded","section":"Shading Mode"},"sceneLighting":true,"audioPlay":false,"sceneViewState":{"m_AlwaysRefresh":false,"showFog":true,"showSkybox":true,"showFlares":true,"showImageEffects":true,"showParticleSystems":true,"showVisualEffectGraphs":true,"m_FxEnabled":true},"in2DMode":false,"pivot":{"x":-7.049854278564453,"y":7.7815117835998539,"z":-4.4658002853393559},"rotation":{"x":0.19547291100025178,"y":0.38099396228790285,"z":-0.0827598124742508,"w":0.8998812437057495},"size":10.150394439697266,"orthographic":true}