{"cameraMode":{"drawMode":0,"name":"Shaded","section":"Shading Mode"},"sceneLighting":true,"audioPlay":false,"sceneViewState":{"m_AlwaysRefresh":false,"showFog":true,"showSkybox":true,"showFlares":true,"showImageEffects":true,"showParticleSystems":true,"showVisualEffectGraphs":true,"m_FxEnabled":true},"in2DMode":false,"pivot":{"x":3.7197725772857668,"y":-6.504194259643555,"z":11.857041358947754},"rotation":{"x":0.32803452014923098,"y":0.3376316726207733,"z":-0.1268492341041565,"w":0.8730785250663757},"size":10.108902931213379,"orthographic":true}