{"cameraMode":{"drawMode":0,"name":"Shaded","section":"Shading Mode"},"sceneLighting":false,"audioPlay":false,"sceneViewState":{"m_AlwaysRefresh":false,"showFog":true,"showSkybox":false,"showFlares":true,"showImageEffects":true,"showParticleSystems":true,"showVisualEffectGraphs":true,"m_FxEnabled":true},"in2DMode":false,"pivot":{"x":-28.59808349609375,"y":3.4196624755859377,"z":-58.771575927734378},"rotation":{"x":0.08416947722434998,"y":-0.9147031307220459,"z":0.30200520157814028,"w":0.25491955876350405},"size":313.4017028808594,"orthographic":true}